Heading,urls
Breaking Bad,https://encrypted-tbn1.gstatic.com/images?q%3Dtbn:ANd9GcSK9eqijqRLTwXWp8mGWvE5ti1l3FCZ2qVkx83TJNW2SRT4vkHC
Breaking Bad - Wikipedia,https://en.wikipedia.org/wiki/List_of_Breaking_Bad_episodes
Breaking Bad (TV Series 2008–2013) - IMDb,https://www.imdb.com/title/tt0903747/mediaviewer/rm4130501888
Breaking Bad | Netflix,https://www.amc.com/shows/breaking-bad--18
"Breaking Bad Videos | Trailers, Recaps, Previews, Behind the ... - AMC",https://www.youtube.com/watch%3Fv%3DXs6_vecSv2Y
Breaking Bad Greatest Moments - YouTube,https://www.youtube.com/watch%3Fv%3DXs6_vecSv2Y
Breaking Bad Trailer (First Season) - YouTube,https://www.youtube.com/watch%3Fv%3DHhesaQXLuRY
Breaking Bad ✓,https://twitter.com/BreakingBad/status/1292513472815738883%3Fref_src%3Dtwsrc%255Egoogle%257Ctwcamp%255Eserp%257Ctwgr%255Etweet
BREAKING BAD | Sony Pictures Entertainment,https://www.forbes.com/sites/allenstjohn/2013/09/16/why-breaking-bad-is-the-best-show-ever-and-why-that-matters/
Why 'Breaking Bad' Is The Best Show Ever And Why That Matters,https://www.forbes.com/sites/allenstjohn/2013/09/16/why-breaking-bad-is-the-best-show-ever-and-why-that-matters/
